INSERT INTO Customer (custName, custEmail, custAddress, custCCNum, custCCExp) VALUES('Raul Stoodley','rstoodley0@yahoo.co.jp','1388 Corry Hill, Shawnee Mission, KS 66276','5108756937551395','06/2022');
INSERT INTO Customer (custName, custEmail, custAddress, custCCNum, custCCExp) VALUES('Teresa Cawdell','tcawdell1@netscape.com','08 Morning Alley, Austin, TX 78737','5108758832780103','01/2023');
INSERT INTO Customer (custName, custEmail, custAddress, custCCNum, custCCExp) VALUES('Bebe Hardy-Piggin','bhardypiggin2@tinyurl.com','2 Lighthouse Bay Crossing, Wilmington, DE 19805','5048378411922100','11/2022');
INSERT INTO Customer (custName, custEmail, custAddress, custCCNum, custCCExp) VALUES('Leyla Nisard','lnisard3@barnesandnoble.com','2374 Colorado Trail, Saint Louis, MO 63169','5048378385894921','08/2023');
INSERT INTO Customer (custName, custEmail, custAddress, custCCNum, custCCExp) VALUES('Tuck Blasl','tblasl4@lulu.com','3 Blackbird Center, Springfield, IL 62756', '5048376961367908','07/2022');
INSERT INTO Customer (custName, custEmail, custAddress, custCCNum, custCCExp) VALUES('Candy Fiddeman','cfiddeman5@cpanel.net','885 Surrey Pass, Wilkes Barre, PA 18763','5108755401090856','11/2022');
INSERT INTO Customer (custName, custEmail, custAddress, custCCNum, custCCExp) VALUES('Margit Burchett','mburchett6@whitehouse.gov','43188 Birchwood Road, Philadelphia, PA 19191','5108757532824732','02/2023');
INSERT INTO Customer (custName, custEmail, custAddress, custCCNum, custCCExp) VALUES('Myrna McLevie','mmclevie7@reuters.com','5411 Sauthoff Alley, Mesa, AZ 85215','5108752962695413','07/2022');
INSERT INTO Customer (custName, custEmail, custAddress, custCCNum, custCCExp) VALUES('Ford Arlidge','farlidge8@amazon.co.jp','68 Calypso Terrace, Duluth, GA 30195','5108750204670517','03/2023');
INSERT INTO Customer (custName, custEmail, custAddress, custCCNum, custCCExp) VALUES('Yulma Crummey','ycrummey9@tripod.com','43 Westerfield Junction, Sacramento, CA 94257','5108753668486701','03/2024');
INSERT INTO Customer (custName, custEmail, custAddress, custCCNum, custCCExp) VALUES('Lola Aloshikin','laloshikina@google.es','55714 Northport Circle, Worcester, MA 01610','5048373409704065','03/2023');
INSERT INTO Customer (custName, custEmail, custAddress, custCCNum, custCCExp) VALUES('Paquito Forseith','pforseithb@ed.gov','84361 Saint Paul Pass, Charleston, SC 29411','5108752393275793','06/2023');
INSERT INTO Customer (custName, custEmail, custAddress, custCCNum, custCCExp) VALUES('Salomon Briamo','sbriamoc@wordpress.org','8 Magdeline Center, Milwaukee, WI 53210','5048376414800489','03/2024');
INSERT INTO Customer (custName, custEmail, custAddress, custCCNum, custCCExp) VALUES('Davey Kincla','dkinclad@ning.com','91374 Moland Pass, Oceanside, CA 92056','5048375590262522','01/2023');
INSERT INTO Customer (custName, custEmail, custAddress, custCCNum, custCCExp) VALUES('Troy Derry','tderrye@t-online.de','2 Lake View Junction, Albuquerque, NM 87195','5108754846022798','12/2023');
INSERT INTO Customer (custName, custEmail, custAddress, custCCNum, custCCExp) VALUES('Ginny Burkwood','gburkwoodf@bloglines.com','7432 Rieder Place, West Palm Beach, FL 33421','5108750561673278','05/2022');
INSERT INTO Customer (custName, custEmail, custAddress, custCCNum, custCCExp) VALUES('Titos McCard','tmccardg@msu.edu','44763 Bonner Pass, Arlington, VA 22205','5048370257455121','06/2022');
INSERT INTO Customer (custName, custEmail, custAddress, custCCNum, custCCExp) VALUES('Heywood Howling','hhowlingh@merriam-webster.com','58617 Esker Road, Kansas City, MO 64153','5048371619710260','03/2023');
INSERT INTO Customer (custName, custEmail, custAddress, custCCNum, custCCExp) VALUES('Cloe Oakman','coakmani@nsw.gov.au','776 Lunder Point, Lakewood, WA 98498','5048371135548194','02/2023');
INSERT INTO Customer (custName, custEmail, custAddress, custCCNum, custCCExp) VALUES('Bendite OKielt','bokieltj@princeton.edu','05 Kensington Junction, El Paso, TX 79977','5108753742651486','03/2023');
INSERT INTO Customer (custName, custEmail, custAddress, custCCNum, custCCExp) VALUES('Niki FitzGilbert','nfitzgilbertk@qq.com','5 Knutson Parkway, Miami, FL 33233','5048377387465235','02/2023');
INSERT INTO Customer (custName, custEmail, custAddress, custCCNum, custCCExp) VALUES('Demott Males','dmalesl@chronoengine.com','08299 Old Gate Road, Omaha, NE 68164','5108759244004751','01/2024');
INSERT INTO Customer (custName, custEmail, custAddress, custCCNum, custCCExp) VALUES('Louisa Ambrogio','lambrogiom@jigsy.com','71192 Haas Junction, Lubbock, TX 79452','5048378812593112','10/2022');
INSERT INTO Customer (custName, custEmail, custAddress, custCCNum, custCCExp) VALUES('Orsola McShane','omcshanen@symantec.com','80 Springs Drive, Salt Lake City, UT 84170','5108753385579606','09/2023');
INSERT INTO Customer (custName, custEmail, custAddress, custCCNum, custCCExp) VALUES('Rey Valentin','rvalentino@si.edu','0 Del Mar Park, Albuquerque, NM 87195','5108750150402170','03/2023');

INSERT INTO Orders (custId, oAmount, oShipping, oWeight, oDate) VALUES( 1, 5.99, 10.99, 20.68, '2022-03-01');
INSERT INTO Orders (custId, oAmount, oShipping, oWeight, oDate) VALUES( 2, 100.78, 25.97, 2.11, '2022-03-11');
INSERT INTO Orders (custId, oAmount, oShipping, oWeight, oDate) VALUES( 3, 700.66, 10.99, 20.68, '2022-03-21');
INSERT INTO Orders (custId, oAmount, oShipping, oWeight, oDate) VALUES( 4, 7.66, 10.99, 20.68, '2022-03-31');
INSERT INTO Orders (custId, oAmount, oShipping, oWeight, oDate) VALUES( 5, 7.66, 10.99, 20.68, '2022-04-01');
INSERT INTO Orders (custId, oAmount, oShipping, oWeight, oDate) VALUES( 6, 7.66, 10.99, 20.68, '2022-04-11');
INSERT INTO Orders (custId, oAmount, oShipping, oWeight, oDate) VALUES( 7, 7.66, 10.99, 20.68, '2022-04-21');
INSERT INTO Orders (custId, oAmount, oShipping, oWeight, oDate) VALUES( 8, 7.66, 10.99, 20.68, '2022-04-30');

INSERT INTO OrderItems (orderId, itemId, itemNum, itemDesc, itemAmount, itemWeight, quantity) VALUES(1, 1, 1, 'this is a mock description', 4.95, 2.50, 1);
INSERT INTO OrderItems (orderId, itemId, itemNum, itemDesc, itemAmount, itemWeight, quantity) VALUES(1, 25, 2, 'this is a mock description', 615.51, 9.99, 2);
INSERT INTO OrderItems (orderId, itemId, itemNum, itemDesc, itemAmount, itemWeight, quantity) VALUES(1, 10, 3, 'this is a mock description', 100.15, 99.97, 3);
INSERT INTO OrderItems (orderId, itemId, itemNum, itemDesc, itemAmount, itemWeight, quantity) VALUES(1, 5, 4, 'this is a mock description', 2.50, 13.45, 999);
INSERT INTO OrderItems (orderId, itemId, itemNum, itemDesc, itemAmount, itemWeight, quantity) VALUES(1, 7, 5, 'this is a mock description', 77.77, 7.77, 777);
INSERT INTO OrderItems (orderId, itemId, itemNum, itemDesc, itemAmount, itemWeight, quantity) VALUES(2, 17, 1, 'this is a mock description', 1,5.99, 1);
INSERT INTO OrderItems (orderId, itemId, itemNum, itemDesc, itemAmount, itemWeight, quantity) VALUES(2, 4, 2, 'this is a mock description', 2,5.99, 13);
INSERT INTO OrderItems (orderId, itemId, itemNum, itemDesc, itemAmount, itemWeight, quantity) VALUES(3, 7, 1, 'this is a mock description', 1.99, 5.99, 2);
INSERT INTO OrderItems (orderId, itemId, itemNum, itemDesc, itemAmount, itemWeight, quantity) VALUES(4, 1, 1, 'this is a mock description', 1000.99, 5.99, 3);
INSERT INTO OrderItems (orderId, itemId, itemNum, itemDesc, itemAmount, itemWeight, quantity) VALUES(5, 18, 1, 'this is a mock description', 77.70,5.98, 99);
INSERT INTO OrderItems (orderId, itemId, itemNum, itemDesc, itemAmount, itemWeight, quantity) VALUES(6, 27, 1, 'this is a mock description', 56.64, 57.99, 25);
INSERT INTO OrderItems (orderId, itemId, itemNum, itemDesc, itemAmount, itemWeight, quantity) VALUES(7, 13, 1, 'this is a mock description', 99.99, 2.99, 67);
INSERT INTO OrderItems (orderId, itemId, itemNum, itemDesc, itemAmount, itemWeight, quantity) VALUES(8, 11, 1, 'this is a mock description', 100.05, 6.59, 68);

INSERT INTO Inventory (iPartNum, iDescr, iOnHand) VALUES (1, 'windshield w/ polymer', 0);
INSERT INTO Inventory (iPartNum, iDescr, iOnHand) VALUES (2, 'wiper blade pair', 30);
INSERT INTO Inventory (iPartNum, iDescr, iOnHand) VALUES (3, 'solenoid', 13);
INSERT INTO Inventory (iPartNum, iDescr, iOnHand) VALUES (4, 'tiresome mettle', 22);
INSERT INTO Inventory (iPartNum, iDescr, iOnHand) VALUES (5, 'bucket seat pair', 7);
INSERT INTO Inventory (iPartNum, iDescr, iOnHand) VALUES (6, '5 point harness', 44);
INSERT INTO Inventory (iPartNum, iDescr, iOnHand) VALUES (7, 'turbo intake valve', 33);
INSERT INTO Inventory (iPartNum, iDescr, iOnHand) VALUES (8, 'supercharger', 42);
INSERT INTO Inventory (iPartNum, iDescr, iOnHand) VALUES (9, 'inter cooler sweep', 28);
INSERT INTO Inventory (iPartNum, iDescr, iOnHand) VALUES (10, 'gas cap - chrome', 35);
INSERT INTO Inventory (iPartNum, iDescr, iOnHand) VALUES (11, 'chrome brake pedals kit-manual', 34);
INSERT INTO Inventory (iPartNum, iDescr, iOnHand) VALUES (12, 'chrome brake pedals kit-automatic', 38);
INSERT INTO Inventory (iPartNum, iDescr, iOnHand) VALUES (13, 'intel inside window decal', 50);
INSERT INTO Inventory (iPartNum, iDescr, iOnHand) VALUES (14, 'niu alumni window decal', 49);
INSERT INTO Inventory (iPartNum, iDescr, iOnHand) VALUES (15, 'air freshener - lemon', 3);
INSERT INTO Inventory (iPartNum, iDescr, iOnHand) VALUES (16, 'air freshener - cherry', 0);
INSERT INTO Inventory (iPartNum, iDescr, iOnHand) VALUES (17, 'air freshener - new car smell', 8);
INSERT INTO Inventory (iPartNum, iDescr, iOnHand) VALUES (18, 'cargo net (new model)', 48);
INSERT INTO Inventory (iPartNum, iDescr, iOnHand) VALUES (19, 'trunk liner', 18);
INSERT INTO Inventory (iPartNum, iDescr, iOnHand) VALUES (20, 'floor mat - driver side', 33);
INSERT INTO Inventory (iPartNum, iDescr, iOnHand) VALUES (21, 'floor mat - passenger side', 28);
INSERT INTO Inventory (iPartNum, iDescr, iOnHand) VALUES (22, 'car detail kit', 6);
INSERT INTO Inventory (iPartNum, iDescr, iOnHand) VALUES (23, 'tachometer', 19);
INSERT INTO Inventory (iPartNum, iDescr, iOnHand) VALUES (24, 'speedometer mph edition', 10);
INSERT INTO Inventory (iPartNum, iDescr, iOnHand) VALUES (25, 'gps navigation', 18);
INSERT INTO Inventory (iPartNum, iDescr, iOnHand) VALUES (26, 'CD/DVD/DB holder', 10);
INSERT INTO Inventory (iPartNum, iDescr, iOnHand) VALUES (27, 'car charger - micro usb, 2 ft', 45);
INSERT INTO Inventory (iPartNum, iDescr, iOnHand) VALUES (28, 'Backup camera peephole', 47);
INSERT INTO Inventory (iPartNum, iDescr, iOnHand) VALUES (30, 'USB car adapter, NaviPro 2.1', 50);
INSERT INTO Inventory (iPartNum, iDescr, iOnHand) VALUES (31, 'Reverse Sensor, mitigatable', 32);
INSERT INTO Inventory (iPartNum, iDescr, iOnHand) VALUES (33, 'Part: 22-04-10 15:28', 25);
INSERT INTO Inventory (iPartNum, iDescr, iOnHand) VALUES (40, '1969 Harley Davidson Ultimate Chopper', 43);
INSERT INTO Inventory (iPartNum, iDescr, iOnHand) VALUES (41, '1952 Alpine Renault 1300', 7);
INSERT INTO Inventory (iPartNum, iDescr, iOnHand) VALUES (42, '1996 Moto Guzzi 1100i', 25);
INSERT INTO Inventory (iPartNum, iDescr, iOnHand) VALUES (43, '2003 Harley-Davidson Eagle Drag Bike', 12);
INSERT INTO Inventory (iPartNum, iDescr, iOnHand) VALUES (44, '1972 Alfa Romeo GTA', 12);
INSERT INTO Inventory (iPartNum, iDescr, iOnHand) VALUES (45, '1962 LanciaA Delta 16V', 26);
INSERT INTO Inventory (iPartNum, iDescr, iOnHand) VALUES (46, '1968 Ford Mustang', 10);
INSERT INTO Inventory (iPartNum, iDescr, iOnHand) VALUES (47, '2001 Ferrari Enzo', 24);
INSERT INTO Inventory (iPartNum, iDescr, iOnHand) VALUES (48, '1958 Setra Bus', 23);
INSERT INTO Inventory (iPartNum, iDescr, iOnHand) VALUES (49, '2002 Suzuki XERO', 43);
INSERT INTO Inventory (iPartNum, iDescr, iOnHand) VALUES (50, '1969 Corvair Monza', 19);
INSERT INTO Inventory (iPartNum, iDescr, iOnHand) VALUES (51, '1968 Dodge Charger', 26);
INSERT INTO Inventory (iPartNum, iDescr, iOnHand) VALUES (52, '1969 Ford Falcon', 2);
INSERT INTO Inventory (iPartNum, iDescr, iOnHand) VALUES (53, '1970 Plymouth Hemi Cuda', 37);
INSERT INTO Inventory (iPartNum, iDescr, iOnHand) VALUES (54, '1957 Chevy Pickup', 34);
INSERT INTO Inventory (iPartNum, iDescr, iOnHand) VALUES (55, '1969 Dodge Charger', 49);
INSERT INTO Inventory (iPartNum, iDescr, iOnHand) VALUES (56, '1940 Ford Pickup Truck', 18);
INSERT INTO Inventory (iPartNum, iDescr, iOnHand) VALUES (57, '1993 Mazda RX-7', 21);
INSERT INTO Inventory (iPartNum, iDescr, iOnHand) VALUES (58, '1937 Lincoln Berline', 38);
INSERT INTO Inventory (iPartNum, iDescr, iOnHand) VALUES (59, '1936 Mercedes-Benz 500K Special Roadster', 15);
INSERT INTO Inventory (iPartNum, iDescr, iOnHand) VALUES (60, '1965 Aston Martin DB5', 7);
INSERT INTO Inventory (iPartNum, iDescr, iOnHand) VALUES (61, '1980s Black Hawk Helicopter', 26);
INSERT INTO Inventory (iPartNum, iDescr, iOnHand) VALUES (62, '1917 Grand Touring Sedan', 41);
INSERT INTO Inventory (iPartNum, iDescr, iOnHand) VALUES (63, '1948 Porsche 356-A Roadster', 23);
INSERT INTO Inventory (iPartNum, iDescr, iOnHand) VALUES (64, '1995 Honda Civic', 13);
INSERT INTO Inventory (iPartNum, iDescr, iOnHand) VALUES (65, '1998 Chrysler Plymouth Prowler', 10);
INSERT INTO Inventory (iPartNum, iDescr, iOnHand) VALUES (66, '1911 Ford Town Car', 37);
INSERT INTO Inventory (iPartNum, iDescr, iOnHand) VALUES (67, '1964 Mercedes Tour Bus', 37);
INSERT INTO Inventory (iPartNum, iDescr, iOnHand) VALUES (68, '1932 Model A Ford J-Coupe', 31);
INSERT INTO Inventory (iPartNum, iDescr, iOnHand) VALUES (69, '1926 Ford Fire Engine', 36);
INSERT INTO Inventory (iPartNum, iDescr, iOnHand) VALUES (70, 'P-51-D Mustang', 44);
INSERT INTO Inventory (iPartNum, iDescr, iOnHand) VALUES (71, '1936 Harley Davidson El Knucklehead', 5);
INSERT INTO Inventory (iPartNum, iDescr, iOnHand) VALUES (72, '1928 Mercedes-Benz SSK', 14);
INSERT INTO Inventory (iPartNum, iDescr, iOnHand) VALUES (73, '1999 Indy 500 Monte Carlo SS', 1);
INSERT INTO Inventory (iPartNum, iDescr, iOnHand) VALUES (74, '1913 Ford Model T Speedster', 4);
INSERT INTO Inventory (iPartNum, iDescr, iOnHand) VALUES (75, '1934 Ford V8 Coupe', 29);
INSERT INTO Inventory (iPartNum, iDescr, iOnHand) VALUES (76, '1999 Yamaha Speed Boat', 4);
INSERT INTO Inventory (iPartNum, iDescr, iOnHand) VALUES (77, '18th Century Vintage Horse Carriage', 19);
INSERT INTO Inventory (iPartNum, iDescr, iOnHand) VALUES (78, '1903 Ford Model A', 42);
INSERT INTO Inventory (iPartNum, iDescr, iOnHand) VALUES (79, '1992 Ferrari 360 Spider red', 15);
INSERT INTO Inventory (iPartNum, iDescr, iOnHand) VALUES (80, '1985 Toyota Supra', 28);
INSERT INTO Inventory (iPartNum, iDescr, iOnHand) VALUES (81, 'Collectable Wooden Train', 24);
INSERT INTO Inventory (iPartNum, iDescr, iOnHand) VALUES (82, '1969 Dodge Super Bee', 18);
INSERT INTO Inventory (iPartNum, iDescr, iOnHand) VALUES (83, '1917 Maxwell Touring Car', 32);
INSERT INTO Inventory (iPartNum, iDescr, iOnHand) VALUES (84, '1976 Ford Gran Torino', 5);
INSERT INTO Inventory (iPartNum, iDescr, iOnHand) VALUES (85, '1948 Porsche Type 356 Roadster', 26);
INSERT INTO Inventory (iPartNum, iDescr, iOnHand) VALUES (86, '1957 Vespa GS150', 15);
INSERT INTO Inventory (iPartNum, iDescr, iOnHand) VALUES (87, '1941 Chevrolet Special Deluxe Cabriolet', 25);
INSERT INTO Inventory (iPartNum, iDescr, iOnHand) VALUES (88, '1970 Triumph Spitfire', 18);
INSERT INTO Inventory (iPartNum, iDescr, iOnHand) VALUES (89, '1932 Alfa Romeo 8C2300 Spider Sport', 39);
INSERT INTO Inventory (iPartNum, iDescr, iOnHand) VALUES (90, '1904 Buick Runabout', 30);
INSERT INTO Inventory (iPartNum, iDescr, iOnHand) VALUES (91, '1940s Ford truck', 37);
INSERT INTO Inventory (iPartNum, iDescr, iOnHand) VALUES (92, '1939 Cadillac Limousine', 1);
INSERT INTO Inventory (iPartNum, iDescr, iOnHand) VALUES (93, '1957 Corvette Convertible', 43);
INSERT INTO Inventory (iPartNum, iDescr, iOnHand) VALUES (94, '1957 Ford Thunderbird', 39);
INSERT INTO Inventory (iPartNum, iDescr, iOnHand) VALUES (95, '1970 Chevy Chevelle SS 454', 38);
INSERT INTO Inventory (iPartNum, iDescr, iOnHand) VALUES (96, '1970 Dodge Coronet', 13);
INSERT INTO Inventory (iPartNum, iDescr, iOnHand) VALUES (97, '1997 BMW R 1100 S', 40);
INSERT INTO Inventory (iPartNum, iDescr, iOnHand) VALUES (98, '1966 Shelby Cobra 427 S/C', 11);
INSERT INTO Inventory (iPartNum, iDescr, iOnHand) VALUES (99, '1928 British Royal Navy Airplane', 46);
INSERT INTO Inventory (iPartNum, iDescr, iOnHand) VALUES (100, '1939 Chevrolet Deluxe Coupe', 50);
INSERT INTO Inventory (iPartNum, iDescr, iOnHand) VALUES (101, '1960 BSA Gold Star DBD34', 39);
INSERT INTO Inventory (iPartNum, iDescr, iOnHand) VALUES (102, '18th century schooner', 30);
INSERT INTO Inventory (iPartNum, iDescr, iOnHand) VALUES (103, '1938 Cadillac V-16 Presidential Limousine', 40);
INSERT INTO Inventory (iPartNum, iDescr, iOnHand) VALUES (104, '1962 Volkswagen Microbus', 15);
INSERT INTO Inventory (iPartNum, iDescr, iOnHand) VALUES (105, '1982 Ducati 900 Monster', 45);
INSERT INTO Inventory (iPartNum, iDescr, iOnHand) VALUES (106, '1949 Jaguar XK 120', 15);
INSERT INTO Inventory (iPartNum, iDescr, iOnHand) VALUES (107, '1958 Chevy Corvette Limited Edition', 34);
INSERT INTO Inventory (iPartNum, iDescr, iOnHand) VALUES (108, '1900s Vintage Bi-Plane', 31);
INSERT INTO Inventory (iPartNum, iDescr, iOnHand) VALUES (109, '1952 Citroen-15CV', 20);
INSERT INTO Inventory (iPartNum, iDescr, iOnHand) VALUES (110, '1982 Lamborghini Diablo', 2);
INSERT INTO Inventory (iPartNum, iDescr, iOnHand) VALUES (111, '1912 Ford Model T Delivery Wagon', 4);
INSERT INTO Inventory (iPartNum, iDescr, iOnHand) VALUES (112, '1969 Chevrolet Camaro Z28', 43);
INSERT INTO Inventory (iPartNum, iDescr, iOnHand) VALUES (113, '1971 Alpine Renault 1600s', 8);
INSERT INTO Inventory (iPartNum, iDescr, iOnHand) VALUES (114, '1937 Horch 930V Limousine', 13);
INSERT INTO Inventory (iPartNum, iDescr, iOnHand) VALUES (115, '2002 Chevy Corvette', 4);
INSERT INTO Inventory (iPartNum, iDescr, iOnHand) VALUES (116, '1940 Ford Delivery Sedan', 43);
INSERT INTO Inventory (iPartNum, iDescr, iOnHand) VALUES (117, '1956 Porsche 356A Coupe', 14);
INSERT INTO Inventory (iPartNum, iDescr, iOnHand) VALUES (118, 'Corsair F4U ( Bird Cage)', 17);
INSERT INTO Inventory (iPartNum, iDescr, iOnHand) VALUES (119, '1936 Mercedes Benz 500k Roadster', 12);
INSERT INTO Inventory (iPartNum, iDescr, iOnHand) VALUES (120, '1992 Porsche Cayenne Turbo Silver', 25);
INSERT INTO Inventory (iPartNum, iDescr, iOnHand) VALUES (121, '1936 Chrysler Airflow', 1);
INSERT INTO Inventory (iPartNum, iDescr, iOnHand) VALUES (122, '1900s Vintage Tri-Plane', 26);
INSERT INTO Inventory (iPartNum, iDescr, iOnHand) VALUES (123, '1961 Chevrolet Impala', 44);
INSERT INTO Inventory (iPartNum, iDescr, iOnHand) VALUES (124, '1980 GM Manhattan Express', 22);
INSERT INTO Inventory (iPartNum, iDescr, iOnHand) VALUES (125, '1997 BMW F650 ST', 10);
INSERT INTO Inventory (iPartNum, iDescr, iOnHand) VALUES (126, '1982 Ducati 996 R', 36);
INSERT INTO Inventory (iPartNum, iDescr, iOnHand) VALUES (127, '1954 Greyhound Scenicruiser', 31);
INSERT INTO Inventory (iPartNum, iDescr, iOnHand) VALUES (128, '1950 Chicago Surface Lines Streetcar', 36);
INSERT INTO Inventory (iPartNum, iDescr, iOnHand) VALUES (129, '1996 Peterbilt 379 Stake Bed with Outrigger', 35);
INSERT INTO Inventory (iPartNum, iDescr, iOnHand) VALUES (130, '1928 Ford Phaeton Deluxe', 27);
INSERT INTO Inventory (iPartNum, iDescr, iOnHand) VALUES (131, '1974 Ducati 350 Mk3 Desmo', 10);
INSERT INTO Inventory (iPartNum, iDescr, iOnHand) VALUES (132, '1930 Buick Marquette Phaeton', 26);
INSERT INTO Inventory (iPartNum, iDescr, iOnHand) VALUES (133, 'Diamond T620 Semi-Skirted Tanker', 49);
INSERT INTO Inventory (iPartNum, iDescr, iOnHand) VALUES (134, '1962 City of Detroit Streetcar', 27);
INSERT INTO Inventory (iPartNum, iDescr, iOnHand) VALUES (135, '2002 Yamaha YZR M1', 3);
INSERT INTO Inventory (iPartNum, iDescr, iOnHand) VALUES (136, 'The Schooner Bluenose', 4);
INSERT INTO Inventory (iPartNum, iDescr, iOnHand) VALUES (137, 'American Airlines: B767-300', 20);
INSERT INTO Inventory (iPartNum, iDescr, iOnHand) VALUES (138, 'The Mayflower', 2);
INSERT INTO Inventory (iPartNum, iDescr, iOnHand) VALUES (139, 'HMS Bounty', 5);
INSERT INTO Inventory (iPartNum, iDescr, iOnHand) VALUES (140, 'America West Airlines B757-200', 23);
INSERT INTO Inventory (iPartNum, iDescr, iOnHand) VALUES (141, 'The USS Constitution Ship', 22);
INSERT INTO Inventory (iPartNum, iDescr, iOnHand) VALUES (142, '1982 Camaro Z28', 31);
INSERT INTO Inventory (iPartNum, iDescr, iOnHand) VALUES (143, 'ATA: B757-300', 9);
INSERT INTO Inventory (iPartNum, iDescr, iOnHand) VALUES (144, 'F/A 18 Hornet 1/72', 18);
INSERT INTO Inventory (iPartNum, iDescr, iOnHand) VALUES (145, 'The Titanic', 8);
INSERT INTO Inventory (iPartNum, iDescr, iOnHand) VALUES (146, 'The Queen Mary', 37);
INSERT INTO Inventory (iPartNum, iDescr, iOnHand) VALUES (147, 'American Airlines: MD-11S', 19);
INSERT INTO Inventory (iPartNum, iDescr, iOnHand) VALUES (148, 'Boeing X-32A JSF', 39);
INSERT INTO Inventory (iPartNum, iDescr, iOnHand) VALUES (149, 'Pont Yacht', 11);

INSERT INTO Rates (low, high, rate) VALUES (0,1,0);
INSERT INTO Rates (low, high, rate) VALUES (1,2,0.99);
INSERT INTO Rates (low, high, rate) VALUES (2,5,1.99);
INSERT INTO Rates (low, high, rate) VALUES (5,10,5.99);
INSERT INTO Rates (low, high, rate) VALUES (10,20,9.99);
INSERT INTO Rates (low, high, rate) VALUES (20,50,19.99);
INSERT INTO Rates (low, high, rate) VALUES (50,100,25.99);
INSERT INTO Rates (low, high, rate) VALUES (100,99999.99,49.99);
